npc_id,note,normal_action,chaotic_action,teleport_url,teleport_urla,currency_item_id
45015,アヒル,duck1,duck1,,,40308
45154,マーメイド,mermaid,mermaid,,,40308
46069,選ばれなかった者,minicod1,minicod1,,,40308
46070,選ばれなかった者,minicod3,minicod3,,,40308
46077,選ばれなかった者,minicod2,minicod2,,,40308
46072,選ばれなかった者,minicod2,minicod2,,,40308
46076,選ばれなかった者,minicod1,minicod1,,,40308
46074,選ばれなかった者,minicod2,minicod2,,,40308
46075,選ばれなかった者,minicod3,minicod3,,,40308
46078,選ばれなかった者,minicod1,minicod1,,,40308
46079,選ばれなかった者,minicod2,minicod2,,,40308
46080,選ばれなかった者,minicod1,minicod1,,,40308
46081,選ばれなかった者,minicod2,minicod2,,,40308
46092,選ばれなかった者,minitos3,minitos3,,,40308
46093,選ばれなかった者,minitos3,minitos3,,,40308
46094,選ばれなかった者,minitos2,minitos2,,,40308
46095,選ばれなかった者,minitos2,minitos2,,,40308
46096,選ばれなかった者,minitos1,minitos1,,,40308
46164,ラスタバド キューブ,lascube1,lascube1,,,40308
46165,ラスタバド キューブ,lascube2,lascube2,,,40308
46166,ラスタバド キューブ,lascube3,lascube3,,,40308
46167,ラスタバド キューブ,lascube4,lascube4,,,40308
46197,テレポーター^マエノブ,maetnob,maetnob,,,40308
46198,テレポーター^マエノブの炎,omantel1,omantel1,,,40308
46199,テレポーター^マエノブの炎,omantel,omantel,,,40308
46200,テレポーター^マエノブの炎,omantel,omantel,,,40308
46201,テレポーター^マエノブの炎,omantel,omantel,,,40308
46202,テレポーター^マエノブの炎,omantel,omantel,,,40308
46203,テレポーター^マエノブの炎,omantel,omantel,,,40308
46204,テレポーター^マエノブの炎,omantel,omantel,,,40308
46205,テレポーター^マエノブの炎,omantel,omantel,,,40308
46206,テレポーター^マエノブの炎,omantel,omantel,,,40308
46207,テレポーター^マエノブの炎,omantel,omantel,,,40308
46209,錬金術師^ムブニ,mubni1,mubni1,,,40308
46280,錬金術師^ロッセン,new_alchemy1,new_alchemy1,,,40308
46281,錬金術師^ドーリスト,new_alchemy1,new_alchemy1,,,40308
46282,錬金術師^リオスト,new_alchemy1,new_alchemy1,,,40308
46283,錬金術師^レオルビン,new_alchemy1,new_alchemy1,,,40308
46284,錬金術師^セットン,new_alchemy1,new_alchemy1,,,40308
46285,錬金術師^シャリルエン,new_alchemy1,new_alchemy1,,,40308
46286,錬金術師^プヘス,new_alchemy1,new_alchemy1,,,40308
46287,錬金術師^フラメス,new_alchemy1,new_alchemy1,,,40308
46288,錬金術師^アルヘルス,new_alchemy1,new_alchemy1,,,40308
46289,錬金術師^ルバルモン,new_alchemy1,new_alchemy1,,,40308
46290,佐ノ吉,jp_spmorph1,jp_spmorph1,,,40308
46293,佐ノ吉,jp_sanoki1,jp_sanoki1,,,40308
46295,虎助,jp_takesi1,jp_takesi1,,,40308
46296,小六郎,jp_kazuki1,jp_kazuki1,,,40308
46297,万吉,jp_masahi1,jp_masahi1,,,40308
46298,日吉丸,jp_hiyosi1,jp_hiyosi1,,,40308
46299,日ノ本の特典女将,jp_hinowm1,jp_hinowm1,,,40308
50001,エルフの森テレポーター^バルニア,barnia1,barnia1,barnia4,,40308
50002,スカイ,sky4,sky4,sky1,,40308
50003,話せる島テレポーター^イルドラス,illdrath1,illdrath1,illdrath,,40308
50004,テレポーター^初心者のテレポーター,htel,htel,htel1,,40308
50005,沈黙の洞窟の村テレポーター^カレン,karen3,karen3,karen1,,40308
50006,ダンジョンテレポーター^ココ,coco4,coco4,coco1,,40308
50007,イスメラルダ,esmereld2,esmereld2,esmereld,,40308
50008,決闘場案内員,aghvout,aghvout,agout,,40308
50009,話せる島テレポーター^イシター,ishtar1,ishtar1,ishtar,,40308
50010,テレポーター^初心者のテレポーター,stel,stel,stel1,,40308
50011,ダンジョンテレポーター^クン,kun4,kun4,kun2,,40308
50012,キヨリ,kiyari4,kiyari4,kiyari2,,40308
50013,決闘場案内員,agsiout,agsiout,agout,,40308
50014,ディロン,dilong2,dilong2,dilongs,,40308
50015,テレポーター^ルーカス,teleisland1,teleisland1,teleisland2,,40308
50016,テレポーター^ジェノ,zeno,zeno,zeno2,,40308
50017,火田村のテレポーター^キース,telefire1,telefire2,telefire3,,40308
50018,コロシアム管理人,colos,colos,colos1,,40308
50019,コロシアム副管理人,colusher,colusher,,,40308
50020,テレポーター^スタンリー,telekent1,telekent1,telekent2,telekent3,40308
50022,火田村のテレポーター^ハリソン,telefire1,telefire2,telefire3,,40308
50021,テレポーター^王宮ゲートキーパー,teleckent1,teleckent1,teleckent2,,40308
50023,テレポーター^オベール,kentober1,kentober1,kentober2,,40308
50024,テレポーター^アスター,telegludin1,telegludin1,telegludin2,telegludin3,40308
50025,テレポーター^市場ガード,gltzguard,gltzguard,gltzguard1,,40308
50026,市場テレポーター,telegltz1,telegltz1,telegltz2,,40308
50027,市場テレポーター^メデ,gltztele,gltztele,gltztele1,,40308
50028,コロシアム管理人,colos,colos,colos1,,40308
50029,コロシアム副管理人,colusher,colusher,,,40308
50030,火田村のテレポーター^フッファー,telefire1,telefire2,telefire3,,40308
50031,セピア,sepia2,sepia2,,,40308
50032,テレポーター^市場ガード,grtzguard,grtzguard,grtzguard1,,40308
50033,市場テレポーター,telegrtz1,telegrtz1,telegrtz2,,40308
50034,市場テレポーター^エルバ,grtztele,grtztele,grtztele1,,40308
50035,テレポーター^王宮ゲートキーパー,telecgiran1,telecgiran1,telecgiran2,,40308
50036,テレポーター^ウィルマ,telegiran1,telegiran1,telegiran2,telegiran3,40308
50037,コロシアム管理人,colos,colos,colos1,,40308
50038,コロシアム副管理人,colusher,colusher,,,40308
50039,テレポーター^レスリー,televala1,televala1,televala2,televala3,40308
50040,テレポーター^王宮ゲートキーパー,telecdwarf1,telecdwarf1,telecdwarf2,,40308
50041,コロシアム管理人,colos,colos,colos1,,40308
50042,コロシアム副管理人,colusher,colusher,,,40308
50043,ラムダ,ramudap2,ramudap2,ramudap1,,40308
50044,テレポーター^シリウス,sirius1,sirius1,sirius2,sirius3,40308
50045,テレポーター^エドレン,telephantasm,telephantasm,phantasmisle,,40308
50046,テレポーター^エレリス,elleris1,elleris1,elleris2,elleris3,40308
50047,テレポーター^王宮ゲートキーパー,telecaden1,telecaden1,telecaden2,,40308
50048,テレポーター^市場ガード,ortzguard,ortzguard,ortzguard1,,40308
50049,市場テレポーター,teleortz1,teleortz1,teleortz2,,40308
50050,市場テレポーター^エルボー,ortztele,ortztele,ortztele1,,40308
50051,テレポーター^キリウス,kirius1,kirius1,kirius2,kirius3,40308
50052,テレポーター^王宮ゲートキーパー,telecwoods1,telecwoods1,telecwoods2,,40308
50053,火田村のテレポーター^コッブ,telefire1,telefire2,telefire3,,40308
50054,テレポーター^トレイ,telewoods1,telewoods1,telewoods2,telewoods3,40308
50055,テレポーター^ドリスト,drist2,drist2,,,40308
50056,テレポーター^メット,telesilver1,telesilver1,telesilver2,telesilver3,40308
50057,火田村のテレポーター^バンチ,telefire1,telefire2,telefire3,,40308
50058,テレポーター^市場ガード,sktzguard,sktzguard,sktzguard1,,40308
50059,市場テレポーター,telesktz1,telesktz1,telesktz2,,40308
50060,市場テレポーター^ベルガー,sktztele,sktztele,sktztele1,,40308
50061,コロシアム管理人,colos,colos,colos1,,40308
50062,コロシアム副管理人,colusher,colusher,,,40308
50063,要塞ゲートキーパー,telecorc1,telecorc1,telecorc2,,40308
50064,テレポーター^デュバル,duvall1,duvall1,duvall3,,40308
50065,テレポーター^リビアン,ribian4,ribian4,,,40308
50066,テレポーター^リオル,teleheine1,teleheine1,teleheine2,teleheine3,40308
50067,テレポーター^王宮ゲートキーパー,telecheine1,telecheine1,telecheine2,,40308
50068,テレポーター^ディアノス,telescave1,telescave1,telescave2,,40308
50069,テレポーター^エニャ,enya3,enya3,enya1,,40308
50070,テレポーター^ラッキー,luck1,luck1,luck2,,40308
50071,テレポーター^アシリス,escapefi1,escapefi1,escapefi2,,40308
50072,テレポーター^ディアルズ,teleoum1,teleoum1,teleoum2,,40308
50073,テレポーター^ディアベス,telediad1,telediad1,telediad2,,40308
50074,大空洞テレポーター,telecavern1,telecavern1,telecavern2,,40308
50075,要塞ゲートキーパー,telecdiad1,telecdiad1,telecdiad2,,40308
50076,精霊のオーブ,telgrave1,telgrave1,telgrave2,,40308
50077,精霊のオーブ,telabyss1,telabyss1,telabyss2,,40308
50078,精霊のオーブ,picrystal,picrystal,picrystal1,,40308
50079,テレポーター^ダニエル,telediad1,telediad1,telediad2,telediad3,40308
50080,パウル,paul1,paul1,teleorcbdg1,,40308
50081,探査員の助手,subinvest1,subinvest1,,,40308
50082,歌う島のテレポーター,en0221,en0221,,,40308
50083,歌う島へのテレポーター,en0231,en0231,,,40308
50084,ガード,exitghost1,exitghost1,,,40308
50085,精霊のオーブ,telgrave1,telgrave1,telgrave4,,40308
50086,精霊のオーブ,telgrave1,telgrave1,telgrave5,,40308
50087,精霊のオーブ,telgrave1,telgrave1,telgrave6,,40308
50088,精霊のオーブ,telgrave1,telgrave1,telgrave7,,40308
50111,案内人^リリー,orenc2,orenc2,,,40308
50112,象牙の塔のウィザード^セリアン,orenb1,orenb1,,,40308
50113,象牙の塔のウィザード^レックマン,orena1,orena1,,,40308
50114,象牙の塔ウィザード^チコ,orenh2,orenh2,,,40308
50115,象牙の塔ウィザード^ザルマン,oreno2,oreno2,,,40308
50116,象牙の塔ウィザード^ギオン,orend2,orend2,,,40308
50117,象牙の塔ウィザード^シリア,orene2,orene2,,,40308
50118,雑貨商人^ニキ,niki,niki,,,40308
50119,象牙の塔ウィザード^オシーリア,orenf2,orenf2,,,40308
50120,象牙の塔ウィザード^ホップ,oreni2,oreni2,,,40308
50121,象牙の塔ウィザード^ホーニン,oreng2,oreng2,,,40308
50122,象牙の塔ウィザード^ターク,orenj2,orenj2,,,40308
50123,象牙の塔ウィザード^ガリオン,orenk2,orenk2,,,40308
50124,象牙の塔ウィザード^フォリカン,orenm2,orenm2,,,40308
50125,象牙の塔ウィザード^ギルバート,orenl2,orenl2,,,40308
50126,象牙の塔ウィザード^ジェリック,orenn2,orenn2,,,40308
50127,テレポート スクロール製作師^コンスル,consul2,consul2,consul1,,40308
50501,アジト管理人^グレダ,agit,agit,agtel0,,40308
50502,アジト管理人^ギネブラ,agit,agit,agtel0,,40308
50503,アジト管理人^ノエラ,agit,agit,agtel0,,40308
50504,アジト管理人^ニコリン,agit,agit,agtel0,,40308
50505,アジト管理人^ダイアン,agit,agit,agtel0,,40308
50506,アジト管理人^ドゥアナ,agit,agit,agtel0,,40308
50507,アジト管理人^レオノラ,agit,agit,agtel0,,40308
50508,アジト管理人^ルティンダ,agit,agit,agtel0,,40308
50509,アジト管理人^リビナ,agit,agit,agtel0,,40308
50510,アジト管理人^マリナ,agit,agit,agtel0,,40308
50511,アジト管理人^マージェリー,agit,agit,agtel0,,40308
50512,アジト管理人^メアリー,agit,agit,agtel0,,40308
50513,アジト管理人^メンネファ,agit,agit,agtel0,,40308
50514,アジト管理人^ミネルバ,agit,agit,agtel0,,40308
50515,アジト管理人^ミリヤム,agit,agit,agtel0,,40308
50516,アジト管理人^ベレスカ,agit,agit,agtel0,,40308
50517,アジト管理人^ベレニス,agit,agit,agtel0,,40308
50518,アジト管理人^ベビナ,agit,agit,agtel0,,40308
50519,アジト管理人^ベス,agit,agit,agtel0,,40308
50520,アジト管理人^サラ,agit,agit,agtel0,,40308
50521,アジト管理人^サロマ,agit,agit,agtel0,,40308
50522,アジト管理人^シグリド,agit,agit,agtel0,,40308
50523,アジト管理人^エルマ,agit,agit,agtel0,,40308
50524,アジト管理人^メミーラ,agit,agit,agtel0,,40308
50525,アジト管理人^エラリア,agit,agit,agtel0,,40308
50526,アジト管理人^エリノラ,agit,agit,agtel0,,40308
50527,アジト管理人^エンマ,agit,agit,agtel0,,40308
50528,アジト管理人^オサ,agit,agit,agtel0,,40308
50529,イブ,agit,agit,agtel0,,40308
50530,アジト管理人^イオネ,agit,agit,agtel0,,40308
50531,アジト管理人^ジャスティン,agit,agit,agtel0,,40308
50532,アジト管理人^ジェラルディン,agit,agit,agtel0,,40308
50533,アジト管理人^ジョアンナ,agit,agit,agtel0,,40308
50534,アジト管理人^ジュリア,agit,agit,agtel0,,40308
50535,アジト管理人^ジュリアナ,agit,agit,agtel0,,40308
50536,アジト管理人^ジルダ,agit,agit,agtel0,,40308
50537,アジト管理人^カレーリア,agit,agit,agtel0,,40308
50538,アジト管理人^カーメル,agit,agit,agtel0,,40308
50539,アジト管理人^カリン,agit,agit,agtel0,,40308
50540,アジト管理人^カトリオナ,agit,agit,agtel0,,40308
50541,アジト管理人^テサ,agit,agit,agtel0,,40308
50542,アジト管理人^テオドラ,agit,agit,agtel0,,40308
50543,アジト管理人^テクラ,agit,agit,agtel0,,40308
50544,アジト管理人^ポーリナ,agit,agit,agtel0,,40308
50545,アジト管理人^ヘンリエッタ,agit,agit,agtel0,,40308
50546,アジト管理人^ナディン,agit,agit,agtel0,,40308
50547,アジト管理人^ナッシュ,agit,agit,agtel0,,40308
50548,アジト管理人^ナタリア,agit,agit,agtel0,,40308
50549,アジト管理人^ノナ,agit,agit,agtel0,,40308
50550,アジト管理人^ニタ,agit,agit,agtel0,,40308
50551,アジト管理人^ダイアナ,agit,agit,agtel0,,40308
50552,アジト管理人^ドリエ,agit,agit,agtel0,,40308
50553,アジト管理人^ディナ,agit,agit,agtel0,,40308
50554,アジト管理人^レビンス,agit,agit,agtel0,,40308
50555,アジト管理人^ルーシー,agit,agit,agtel0,,40308
50556,アジト管理人^ロシリ,agit,agit,agtel0,,40308
50557,アジト管理人^ロシス,agit,agit,agtel0,,40308
50558,アジト管理人^レッシエ,agit,agit,agtel0,,40308
50559,アジト管理人^ルシンダ,agit,agit,agtel0,,40308
50560,アジト管理人^リズ,agit,agit,agtel0,,40308
50561,アジト管理人^リジャ,agit,agit,agtel0,,40308
50562,アジト管理人^マリエル,agit,agit,agtel0,,40308
50563,アジト管理人^マッカリー,agit,agit,agtel0,,40308
50564,アジト管理人^メヨ,agit,agit,agtel0,,40308
50565,アジト管理人^メイ,agit,agit,agtel0,,40308
50566,アジト管理人^メラ,agit,agit,agtel0,,40308
50567,アジト管理人^モーリン,agit,agit,agtel0,,40308
50568,アジト管理人^ミッチェル,agit,agit,agtel0,,40308
50569,アジト管理人^ミッチェリ,agit,agit,agtel0,,40308
50570,アジト管理人^ミンディー,agit,agit,agtel0,,40308
50571,アジト管理人^ビバリー,agit,agit,agtel0,,40308
50572,アジト管理人^ベス,agit,agit,agtel0,,40308
50573,アジト管理人^ベラ,agit,agit,agtel0,,40308
50574,アジト管理人^ボニエ,agit,agit,agtel0,,40308
50575,アジト管理人^ボービィ,agit,agit,agtel0,,40308
50576,アジト管理人^ブリッタイニー,agit,agit,agtel0,,40308
50577,アジト管理人^ビアンカ,agit,agit,agtel0,,40308
50578,アジト管理人^バイオレット,agit,agit,agtel0,,40308
50579,アジト管理人^サディー,agit,agit,agtel0,,40308
50580,アジト管理人^セレー,agit,agit,agtel0,,40308
50581,アジト管理人^セリナ,agit,agit,agtel0,,40308
50582,アジト管理人^ソフィア,agit,agit,agtel0,,40308
50583,アジト管理人^シェリー,agit,agit,agtel0,,40308
50584,アジト管理人^シビア,agit,agit,agtel0,,40308
50585,アジト管理人^シンディー,agit,agit,agtel0,,40308
50586,アジト管理人^シルビア,agit,agit,agtel0,,40308
50587,アジト管理人^アラナ,agit,agit,agtel0,,40308
50588,アジト管理人^アミエ,agit,agit,agtel0,,40308
50589,アジト管理人^アベリ,agit,agit,agtel0,,40308
50590,アジト管理人^アカシア,agit,agit,agtel0,,40308
50591,アジト管理人^アンジェリナ,agit,agit,agtel0,,40308
50592,アジト管理人^アンジェリカ,agit,agit,agtel0,,40308
50593,アジト管理人^エディエ,agit,agit,agtel0,,40308
50594,アジト管理人^エボニー,agit,agit,agtel0,,40308
50595,アジト管理人^アンジェリン,agit,agit,agtel0,,40308
50596,アジト管理人^オディア,agit,agit,agtel0,,40308
50597,アジト管理人^オフェリア,agit,agit,agtel0,,40308
50598,アジト管理人^ワンダ,agit,agit,agtel0,,40308
50599,アジト管理人^イサベル,agit,agit,agtel0,,40308
50600,アジト管理人^ジェネス,agit,agit,agtel0,,40308
50601,アジト管理人^ゼニス,agit,agit,agtel0,,40308
50602,アジト管理人^ジョアン,agit,agit,agtel0,,40308
50603,アジト管理人^ジュディース,agit,agit,agtel0,,40308
50604,アジト管理人^チェレニー,agit,agit,agtel0,,40308
50605,アジト管理人^カロット,agit,agit,agtel0,,40308
50606,アジト管理人^カリシャ,agit,agit,agtel0,,40308
50607,アジト管理人^キャンディス,agit,agit,agtel0,,40308
50608,テレポーター^キニン,kinin2,kinin2,,,40308
50609,アジト管理人^タマラ,agit,agit,agtel0,,40308
50610,アジト管理人^テレサ,agit,agit,agtel0,,40308
50611,アジト管理人^プロランス,agit,agit,agtel0,,40308
50612,アジト管理人^フロリナ,agit,agit,agtel0,,40308
50613,アジト管理人^ヘレナ,agit,agit,agtel0,,40308
50614,アジト管理人^ノビタ,agit,agit,agtel0,,40308
50615,アジト管理人^ダイン,agit,agit,agtel0,,40308
50616,アジト管理人^デリア,agit,agit,agtel0,,40308
50617,アジト管理人^ロレナ,agit,agit,agtel0,,40308
50618,アジト管理人^モルナ,agit,agit,agtel0,,40308
50619,アジト管理人^ミリアム,agit,agit,agtel0,,40308
50620,アジト管理人^アディナ,agit,agit,agtel0,,40308
50621,アジト管理人^エドリ,agit,agit,agtel0,,40308
50622,アジト管理人^エルシャー,agit,agit,agtel0,,40308
50623,アジト管理人^ゼニア,agit,agit,agtel0,,40308
50624,アジト管理人^トリオナ,agit,agit,agtel0,,40308
50625,古代人,acient1,acient1,,,40308
50626,アジト管理人^ミシェル,agit,agit,agtel0,,40308
50627,アジト管理人^フォビー,agit,agit,agtel0,,40308
50628,アジト管理人^エリシャ,agit,agit,agtel0,,40308
50629,アジト管理人^ドロシー,agit,agit,agtel0,,40308
50630,アジト管理人^ナターシャ,agit,agit,agtel0,,40308
50631,アジト管理人^ミノエル,agit,agit,agtel0,,40308
51000,旅の男,netcafe101,netcafe101,,,40308
60001,倉庫番^ドリン,dorin,dorinl,pdorin,,40308
60002,倉庫番^バホフ,bahof,bahof,pbahof,,40308
60003,倉庫番^スラム,thram,thraml,pthram,,40308
60004,倉庫番^デニッツ,denitz,denitzl,pdenitz,,40308
60005,ルーク,luku,lukul,pluku,,40308
60006,倉庫番^ジャンク,jianku,jiankul,pjianku,,40308
60007,倉庫番^カリム,karim,kariml,pkarim,,40308
60008,倉庫番^ノディム,nodim,nodiml,pnodim,,40308
60009,倉庫番^サウラム,sauram,sauraml,psauram,,40308
60010,倉庫番^カーシャム,kasham,kashaml,pkasham,,40308
60011,倉庫番^クロン,kuron,kuronl,pkuron,,40308
60012,倉庫番^トフェン,tofen,tofen,ptofen,,40308
60013,倉庫番^エクセロン,axellon,axellonl,paxellon,,40308
60014,倉庫番^クリオム,kriom,kriom,pkriom,,40308
60015,倉庫番^オギ,ogi,ogi,pogi,,40308
60016,倉庫番^ジューク,juke,jukel,pjuke,,40308
60017,倉庫番^カルディム,karudim,karudiml,pkarudim,,40308
60018,倉庫番^カム,kamu,kamul,pkamu,,40308
60019,倉庫番^ティンプキン,timpukin,timpukinl,ptimpukin,,40308
60020,倉庫番^トーラク,tulak,tulakl,ptulak,,40308
60021,倉庫番^ヒリム,hirim,hiriml,phirim,,40308
60022,倉庫番^ボギン,borgin,borgin,pborgin,,40308
60023,倉庫番^ターキン,tarkin,tarkinl,ptarkin,,40308
60024,倉庫番^ゴッサム,gotham,gothaml,pgotham,,40308
60025,倉庫番^クシャン,kusian,kusianl,pkusian,,40308
60026,倉庫番^オークロン,orclon,orclon,porclon,,40308
60027,倉庫番^クハティン,kuhatin,kuhatinl,pkuhatin,,40308
60028,倉庫番^エル,elE1,elE1,elCE1,,40308
60029,倉庫番^ハイドリム,haidrim,haidrim,phaidrim,,40308
60030,倉庫番^ハキム,hakim,hakiml,phakim,,40308
60031,倉庫番^レイアス,rayearth1,rayearth2,pgotham,,40308
60032,倉庫番 ガリン,garin,garinl,pgarin,,40308
60033,倉庫番^カウル,gawl,gawll,pgawl,,40308
60034,倉庫番^クード,kuud,kuudl,pkuud,,40308
60035,倉庫番^ジダール,zidar,zadarl,pgawl,,40308
60036,倉庫番^ティグス,tigus,tigusl,pgawl,,40308
60037,ディオン,en1011,en1011,,,40308
60501,ガード,patguard,patguard,,,40308
60502,ガード,patguard,patguard,,,40308
60506,ガード,,,,,40308
60507,ガード,,,,,40308
60508,ガード,,,,,40308
60509,ガード,,,,,40308
60510,ガード,,,,,40308
60513,ガード,,,,,40308
60514,近衛兵,ktguard6,ktguard6,ktguard6,,40308
60515,ケント 傭兵隊,,,,,40308
60516,ケント 傭兵隊,,,,,40308
60517,ガード,,,,,40308
60522,ガード,,,,,40308
60523,ガード,,,,,40308
60524,近衛兵,grguard6,grguard6,grguard6,,40308
60525,近衛兵,grguard6,grguard6,grguard6,,40308
60526,ギラン 傭兵隊,,,,,40308
60527,ギラン 傭兵隊,,,,,40308
60528,ガード,,,,,40308
60529,近衛兵,grguard6,grguard6,grguard6,,40308
60530,ドワーフ ガード,dcguard6,dcguard6,dcguard6,,40308
60531,ドワーフ ガード,dcguard6,dcguard6,dcguard6,,40308
60533,ガード,adguard6,adguard6,adguard6,,40308
60534,ガード,adguard6,adguard6,adguard6,,40308
60537,アデン ガード,adguard6,adguard6,adguard6,,40308
60538,アデン ガード,adguard6,adguard6,adguard6,,40308
60539,アデン 傭兵隊,adguard6,adguard6,adguard6,,40308
60540,アデン 傭兵隊,adguard6,adguard6,adguard6,,40308
60551,ウィンダウッド城 ガード,,,,,40308
60552,近衛兵,wdguard6,wdguard6,wdguard6,,40308
60553,ウィンダウッド 傭兵隊,,,,,40308
60554,ウィンダウッド 傭兵隊,,,,,40308
60558,ゲラド 傭兵隊,sdummy1,sdummy1,,,40308
60559,ゲラド 傭兵隊,sdummy1,sdummy1,,,40308
60560,オーク近衛兵,orcguard6,orcguard6,orcguard6,,40308
60563,近衛兵,heguard6,heguard6,heguard6,,40308
70001,花火商人^ローズ,rose1,rose1,rose6,,40308
70002,ポーション商人^サシャ,sasha,sasha,,,40308
70003,魔法伝授者^シリス,siriss,siriss,sirissmg,,40308
70004,雑貨商人^ヨハン,johan,johan,johan1,,40308
70005,パゴ,en0131,en0131,,,40308
70006,ポーション商人^キリス,kiris,kiris,,,40308
70007,花火商人^ティーナ,tina1,tina1,tina6,,40308
70008,雑貨商人^フラウン,fraoun,fraoun,,,40308
70009,魔法伝授者^ゲレン,,,,,40308
70010,オーク商人^バルシム,balsim,balsim,,,40308
70011,船着場管理人,shipEvI3,shipEvI1,,,40308
70012,宿屋の主人^セレナ,inn,Inn1,,,40308
70013,花火商人^コルド,cold1,cold2,,,40308
70014,雑貨商人^パンドラ,pandora,pandora5,,,40308
70015,花火商人^アリエ,arieh1,arieh1,arieh6,,40308
70016,武器防具商人^アンディン,andyn,andyn,andyn3,,40308
70017,オリム,orim1,orim1,orim2,,40308
70018,雑貨商人^イソーリア,ysorya,ysorya,ysorya3,,40308
70019,宿屋の主人^ロリア,inn,Inn1,,,40308
70020,武器防具商人^ロルコ,rollko,rollko,rollko1,,40308
70021,雑貨商人^ロッテ,luth,luth,luth3,,40308
70022,船着場管理人,shipEvM1,shipEvM1,shipEvM2,,40308
70023,よろず商人^アデン商団,tzmerchant,tzmerchant,,,40308
70024,武器防具商人^ケティ,catty,catty,catty3,,40308
70025,オーク商人^パシム,pasim,pasim,pasim2,,40308
70026,ハンター^デレック,derek1,derek1,derek2,,40308
70027,宝石商^ディオ,dio1,dio1,dio2,,40308
70028,ポーション商人^ランダル,randal1,randal1,randal2,,40308
70029,料理の材料商人^マーガレット,margaret1,margaret1,margaret2,,40308
70030,雑貨商人^メイアー,mayer,mayer,mayer3,,40308
70031,宿屋の主人^モーリ,inn,Inn1,,,40308
70032,武器防具商人^バージル,vergil,vergil,vergil3,,40308
70033,商人^ベリタ,verita,verita,verita3,,40308
70034,レザー細工職人^ビンセント,vincent1,vincent1,vincent2,,40308
70035,チケット商人^セシル,secil,secil,,,40308
70036,花火商人^ステラ,stella1,stella1,stella6,,40308
70037,よろず商人^アデン商団,tzmerchant,tzmerchant,,,40308
70038,布商人^エバート,evert1,evert1,evert2,,40308
70039,武器商人^ワーナー,werner,werner,werner3,,40308
70040,木こり^ジェイソン,jason1,jason1,jason2,,40308
70041,チケット商人^パーキン,perkin,perkin,,,40308
70042,チケット商人^ポーリー,polee,polee,,,40308
70043,レザー販売人^フィリップ,philip1,philip1,philip2,,40308
70044,武器防具商人^ラルフ,ralf1,ralf1,ralf6,,40308
70045,雑貨商人^ベリー,berry1,berry1,berry6,,40308
70046,花火商人^ジン,jin1,jin1,jin6,,40308
70047,武器商人^デフマン,defman,defman,defman3,,40308
70048,雑貨商人^ラオン,raon,raon,raon3,,40308
70049,商人^ローゼン,rozen1,rozen1,rozen2,,40308
70050,花火商人^ルキー,ruky1,ruky1,ruky6,,40308
70051,雑貨商人^マグス,magus,magus,magus2,,40308
70052,地図商人^メリサ,mellisa,mellisa,mellisa3,,40308
70053,料理の材料商人^シャル,sharu1,sharu1,sharu2,,40308
70054,宿屋の主人^スビン,inn,Inn1,,,40308
70055,ペット商人^エイシヌ,ashinnue,ashinnue,,,40308
70056,武器防具商人^ゾード,jode,jode,jode1,,40308
70057,ポーション商人^キャサリン,catherine,catherine,catherine3,,40308
70058,防具商人^フェガ,fega,fega,fega3,,40308
70059,ディコ,dico,dico,dico3,,40308
70060,水晶商人^リンダ,rinda,rinda,rinda3,,40308
70061,武器防具商人^マンドラ,mandra,mandra,mandra3,,40308
70062,魔法伝授者^バリエス,varyeth,varyeth,varyeth3,,40308
70063,雑貨商人^ビウス,bius,bius,bius3,,40308
70064,よろず商人^アデン商団,tzmerchant,tzmerchant,,,40308
70065,宿屋の主人^エンケ,inn,Inn1,,,40308
70066,魔法伝授者^クリスト,kreister,kreister,kreister3,,40308
70067,商人^パゴル,pagoru,pagoru,pagoru3,,40308
70068,武器防具商人^フランコ,franko,franko,franko1,,40308
70069,花火商人^モモ,momo1,momo1,momo6,,40308
70070,宿屋の主人^ベリッサ,inn,Inn1,,,40308
70071,雑貨商人^アシュール,ashur,ashur,ashur3,,40308
70072,雑貨商人^エルミナ,elmina,elmina,elmina3,,40308
70073,武器商人^グレン,glen,glen1,,,40308
70074,雑貨商人^メリン,mellin,mellin1,,,40308
70075,宿屋の主人^ミランダ,inn,Inn1,,,40308
70076,よろず商人^アデン商団,tzmerchant,tzmerchant,,,40308
70077,ペット商人^ロドニー,dogdealer,dogdealer,rodney,,40308
70078,花火商人^オキム,orcm1,orcm1,orcm6,,40308
70079,雑貨商人^ジャクソン,jackson,jackson,jackson3,,40308
70080,魔法伝授者^ホルン,horunev1,horunev1,horunev2,,40308
70081,商人^ブアック,buakheu1,buakheu1,buakheu2,,40308
70082,雑貨商人^ブリット,britt,britt,britt3,,40308
70083,武器防具商人^シバン,shivan,shivan,shivan3,,40308
70084,宿屋の主人^エリー,inn,Inn1,,,40308
70085,花火商人^オールド,old1,old1,old6,,40308
70086,船着場管理人^イスバール,isvall4,isvall4,isvall1,,40308
70087,魔法伝授者^セディア,sedia4,sedia4,,,40308
70088,雑貨商人^スクワティ,scwaty1,scwaty1,scwaty2,,40308
70089,船着場管理人^アブリション,oblivion1,oblivion1,oblivion2,,40308
70090,雑貨商人^チキー,chiky1,chiky1,chiky3,,40308
70091,雑貨商人^ティロン,tilon1,tilon1,tilon13,,40308
70092,雑貨商人^エマエルト,emart,emart,,,40308
70093,雑貨商人^カルプ,karupu,karupu,,,40308
70094,船着場管理人^デュラン,duran,duran,duran2,,40308
70095,武器防具商人^デュロン,duron1,duron1,,,40308
70096,宿屋の主人^ミーレ,inn,Inn1,,,40308
70097,雑貨商人^ポニー,foni1,foni1,,,40308
70098,密売人^ポポ,bobo1,bobo1,,,40308
70099,クーパー,kuper2,kuper2,,,40308
70100,レンゴ,lengo1,lengo1,,,40308
70101,フィーン,fiin1,fiin1,,,40308
70102,ジュディス,judice1,judice1,,,40308
70503,グッドマン,goodman,goodman,,,40308
70504,ニュートラルマン,neutralman,neutralman,,,40308
70506,ルバー,en0101,en0101,,,40308
70507,鍛冶屋^リオン,rion1,rion1,rion2,,40308
70508,武器専門家,enchanterw1,enchanterw1,encw,,40308
70509,防具専門家,enchantera1,enchantera1,enca,,40308
70510,専門家^変身専門家,newgypsy,newgypsy,gypsy1,,40308
70511,イーブルマン,evilman,evilman,,,40308
70512,専門家^治療師,jpe0101,jpe0101,,,40308
70513,ペリア,peria1,peria1,peria2,,40308
70514,専門家^ヘイスト師,freehaste,freehaste,,,40308
70515,ムボ,mubo1,mubo1,,,40308
70517,鍛冶屋^クス,cuse1,cuse1,cuse3,,40308
70518,ティーオ,tio,tio,,,40308
70519,ペリア,peria1,peria1,peria2,,40308
70520,魔法の触媒^錬金術師,new_alchemy1,new_alchemy1,,,40308
70522,グンター,,,,,40308
70523,レザー細工職人^ラダー,ladar1,ladarC1,,,40308
70524,魔法書製作師^ラビエンヌ,lavienue9,lavienue9,lavienue2,,40308
70525,骨細工職人^ライアン,lien1,lienC1,,,40308
70526,進化の実製作師^レイダース,raiders1,raiders1,raiders3,,40308
70527,テリー,lengo1,lengo1,,,40308
70528,タウン マスター,othertown,othertown,othertownh,,40308
70529,モナ,mona1,mona1,,,40308
70530,性向値回復^贖罪の使者,restore1pk,restore1pk,helppk,,40308
70531,ゼム,jem2,jem2,,,40308
70532,ペット管理人^ジョンソン,johnson1,johnson1,,,40308
70533,ジュディス,judice1,judice1,,,40308
70534,タウン アドバイザー,secretary1,secretary1,secretary4,,40308
70535,クーパー,kuper1,kuper1,,,40308
70536,鍛冶屋^トーマ,touma1,touma1,touma2,,40308
70537,アイテム製作師^ファーリン,farlin1,farlinC1,,,40308
70538,血盟執行員,bpledge2,bpledge2,bpledge1,,40308
70539,フィーン,fiin1,fiin1,,,40308
70540,\N,new_alchemy1,new_alchemy1,,,40308
70544,ペット管理人^リック,dick1,dick1,dick2,,40308
70545,リチャード,richard3,richard3,,,40308
70546,タウン マスター,othertown,othertown,othertownh,,40308
70547,武器専門家,encwc,encwc,,,40308
70549,キーパー,gatekeeperop,gatekeeperop,gatekeeperop,,40308
70550,防具専門家,encac,encac,,,40308
70553,侍従長^イスマエル,ishmael1,ishmael1,ishmael2,,40308
70554,ゼロ,zero2,zero2,,,40308
70555,ジム,,,,,40308
70556,タウン アドバイザー,secretary1,secretary1,secretary4,,40308
70560,血盟執行員,bpledge2,bpledge2,bpledge1,,40308
70562,傭兵隊長^フント,hunt1,hunt1,hunt2,,40308
70563,\N,new_alchemy1,new_alchemy1,,,40308
70567,タウン マスター,othertown,othertown,othertownh,,40308
70568,印章交換人^ユノ,yuno,yuno,,,40308
70572,タウン アドバイザー,secretary1,secretary1,secretary4,,40308
70574,\N,new_alchemy1,new_alchemy1,,,40308
70577,競売管理者,auction1,auction1,auction3,,40308
70594,タウン マスター,othertown,othertown,othertownh,,40308
70598,錬金術師^モーリア,moria1,moria1,moria4,,40308
70599,武器専門家,encwc,encwc,,,40308
70600,キーパー,orckeeperop,orckeeperop,orckeeperop,,40308
70601,防具専門家,encac,encac,,,40308
70605,アイテム製作師^ブレーズ,blaise1,blaise1,blaise4,,40308
70607,アイテム製作師^サッルシャー,sarsha1,sarsha1,sarsha2,,40308
70611,性向値回復^贖罪の使者,restore1pk,restore1pk,,,40308
70614,防具製作師^アントン,anton1,anton1,,,40308
70617,ペット管理人^アルモン,almon1,almon1,almon2,,40308
70623,侍従長^オービル,orville1,orville1,orville2,,40308
70631,タウン アドバイザー,secretary4,secretary4,secretary1,,40308
70632,ペット管理人^ケビン,kevin1,kevin1,kevin2,,40308
70633,コルバート,colbert1,colbert1,colbert2,,40308
70641,裁断師^ハーバート,herbert1,herbert1,herbert2,,40308
70642,鍛冶屋^ヘクター,hector1,hector1,hector2,,40308
70644,血盟執行員,bpledge2,bpledge2,bpledge1,,40308
70645,\N,new_alchemy1,new_alchemy1,,,40308
70653,マシャー,masha,masha,,,40308
70654,タウン マスター,othertown,othertown,othertownh,,40308
70655,武器専門家,encwc,encwc,,,40308
70656,キーパー,gatekeeperop,gatekeeperop,gatekeeperop,,40308
70657,防具専門家,encac,encac,,,40308
70658,性向値回復^贖罪の使者,restore1pk,restore1pk,,,40308
70662,アイテム製作師^イベルビン,ivelviin1,ivelviin1,ivelviin2,,40308
70663,タウン アドバイザー,secretary1,secretary1,secretary4,,40308
70664,ペット管理人^コブ,cove1,cove1,cove2,,40308
70665,侍従長^ポテンピン,potempin1,potempin1,potempin2,,40308
70666,フレックソン,freckson1,freckson1,freckson2,,40308
70667,血盟執行員,bpledge2,bpledge2,bpledge1,,40308
70668,\N,new_alchemy1,new_alchemy1,,,40308
70670,クレイ,citizen8,citizen8,,,40308
70671,ペットアイテム製作師^ノセ,nose,nose,nose1,,40308
70674,レオナ,reona1,reona1,reona2,,40308
70675,ルズ,citizen1,citizen1,,,40308
70676,アイテム製作師^リュミエール,ryumiel1,ryumiel1,,,40308
70683,モンテス,montes2,montes2,montes4,,40308
70686,武器専門家,encwc,encwc,,,40308
70687,キーパー,gatekeeperop,gatekeeperop,gatekeeperop,,40308
70688,ミュラス,citizen10,citizen10,,,40308
70690,アイテム製作師^バミュト,bamute1,bamute1,bamute2,,40308
70692,防具専門家,encac,encac,,,40308
70695,傭兵隊長^ビウスト,biust1,biust1,biust2,,40308
70660,ウェルダン 傭兵隊長,gdummyc1,gdummyc1,,,40308
70661,ウェルダン 傭兵隊,gdummy1,gdummy1,,,40308
70701,回復の使者^アガタ,restore,restore,,,40308
70702,愛の使者^エリエル,ring1,ring1,,,40308
70707,エノ,eno1,eno1,enoc1,,40308
70711,ジャイアント エルダー,giantk1,giantk1,giantk2,,40308
70712,ジェニファー,jennifer1,jennifer1,,,40308
70715,ジーム,jimuk1,jimuk1,jimuk2,,40308
70721,侍従長^ティモン,timon1,timon1,timon2,,40308
70722,アイテム製作師^パルツ,paruit01,paruit01,paruitC,,40308
70723,ペット管理人^パウ,pau1,pau1,pau2,,40308
70724,ヘイト,heit4,heit4,,,40308
70725,血盟執行員,bpledge2,bpledge2,bpledge1,,40308
70734,\N,new_alchemy1,new_alchemy1,,,40308
70739,ディカルデン,dicardinge1,dicardinge1,dicardinge2,,40308
70740,ディカルデン ソルジャー,zero2,zero2,,,40308
70742,ディテクター^パウロ,detecter1,detecter1,detecter2,,40308
70744,ロジェ,roje16,roje16,,,40308
70745,ロク,roku,roku,,,40308
70748,タウン マスター,othertown,othertown,othertownh,,40308
70749,ペット管理人^マイルド,mild1,mild1,mild2,,40308
70751,テレポーター^ブラッド,newbrad1,newbrad1,,,40308
70757,性向値回復^贖罪の使者,restore1pk,restore1pk,,,40308
70758,宿屋の主人^スビン,sabin,sabin,,,40308
70760,精霊魔法伝授者^エリオン,ellyonne,ellyonne,ellyonne4,,40308
70761,タウン アドバイザー,secretary1,secretary1,secretary4,,40308
70762,アイテム製作師^カリフ,karif9,karif9,,,40308
70763,タラス,talass,talass,,,40308
70764,タウス,taus,taus,,,40308
70768,\N,new_alchemy1,new_alchemy1,,,40308
70771,鍛治屋^ランディス,randith1,randith1,randith2,,40308
70773,ペット管理人^マービン,marbin1,marbin1,marbin2,,40308
70772,進化の実製作師^レイダース,ladar1,ladarC1,,,40308
70774,タウン マスター,othertown,othertown,othertownh,,40308
70775,マーク,mark1,mark1,mark2,,40308
70776,メグ,meg4,meg4,,,40308
70777,武器専門家,encwc,encwc,,,40308
70778,キーパー,gatekeeperop,gatekeeperop,gatekeeperop,,40308
70779,ゲートアント,ants2,ants2,antss,,40308
70780,防具専門家,encac,encac,,,40308
70781,性向値回復^贖罪の使者,restore1pk,restore1pk,,,40308
70782,サーチアント,ant2,ant2,,,40308
70783,アリア,aria4,aria4,,,40308
70784,侍従長^オスモンド,othmond1,othmond1,othmond2,,40308
70788,タウン アドバイザー,secretary1,secretary1,secretary4,,40308
70789,傭兵隊長^ハルト,halt1,halt1,halt2,,40308
70790,血盟執行員,bpledge2,bpledge2,bpledge1,,40308
70792,\N,new_alchemy1,new_alchemy1,,,40308
70794,ゲラド,,,,,40308
70796,ダンハム,dunham2,dunham2,,,40308
70797,\N,drist,drist,,,40308
70798,リッキー,riky2,riky2,,,40308
70799,タウン マスター,othertown,othertown,othertownh,,40308
70800,キーパー,gatekeeperop,gatekeeperop,gatekeeperop,,40308
70801,性向値回復^贖罪の使者,restore1pk,restore1pk,,,40308
70802,鍛冶屋^アノン,aanon1,aanon1,,,40308
70804,骨細工職人^ジョエル,lien1,lienC1,,,40308
70805,レザー細工職人^ジュリー,ladar1,ladarC1,,,40308
70806,タウン アドバイザー,secretary1,secretary1,secretary4,,40308
70807,アイテム製作師^フィン,farlin1,farlinC1,,,40308
70808,\N,new_alchemy1,new_alchemy1,,,40308
70809,ガード,,,,,40308
70811,ライラ,lyraEv1,lyraEv1,lyraEv3,,40308
70815,タウン マスター,othertown,othertown,othertownh,,40308
70816,武器専門家,encwc,encwc,,,40308
70817,キーパー,gatekeeperop,gatekeeperop,gatekeeperop,,40308
70820,防具専門家,encac,encac,,,40308
70822,領主の補佐官^セゲムアトゥバ,seghem1,seghem1,seghem2,,40308
70823,性向値回復^贖罪の使者,restore1pk,restore1pk,,,40308
70824,アサシン マスターの追従者,assassin4,assassin4,,,40308
70826,オス,oth2,oth2,,,40308
70830,タウン アドバイザー,secretary1,secretary1,secretary4,,40308
70831,ケント ネルガ,kentu1,kentu1,kentu2,,40308
70836,ペット管理人^ハンス,hans1,hans1,hans2,,40308
70837,アイテム製作師^ナルエン,narhenE3,narhenE3,narhenE1,,40308
70838,アイテム製作師^ネルファ,nerupaE1,nerupaE1,nerupaCE1,,40308
70840,アイテム製作師^ロビンフッド,robinwood1,robinwood1,robinwood3,,40308
70841,調理師^ルーディエル,luudiel1,luudiel1,,,40308
70844,森とエルフの母,,,,,40308
70846,森の守護者^アラクネ,arachnee1,arachnee1,arachnem1,,40308
70847,地図製作師^エスト,estE1,estE1,estCE1,,40308
70848,森の守護者^エント,ente1,ente1,entm1,,40308
70850,森の守護者^パン,pane1,pane1,panm1,,40308
70851,森の守護者^フェアリー,fairye1,fairye1,fairym1,,40308
70852,森の守護者^フェアリー クイーン,fairyqe1,fairyqe1,fairyqm1,,40308
70853,フェアリープリンセス,fairyp3,fairyp3,,,40308
70855,\N,new_alchemy1,new_alchemy1,,,40308
70857,ハイネ ガード,heguard6,heguard6,heguard6,,40308
70860,タウン マスター,othertown,othertown,othertownh,,40308
70861,武器専門家,encwc,encwc,,,40308
70862,キーパー,gatekeeperop,gatekeeperop,gatekeeperop,,40308
70863,キーパー,gatekeeperop,gatekeeperop,gatekeeperop,,40308
70865,防具専門家,encac,encac,,,40308
70872,神官^エブロール,eveurol1,eveurol1,eveurol5,,40308
70873,ペット管理人^エラン,ellan1,ellan1,ellan2,,40308
70876,タウン アドバイザー,secretary1,secretary1,secretary4,,40308
70880,侍従長^フィッシャー,fisher1,fisher1,fisher2,,40308
70881,ハイネ 傭兵隊,gdummy1,gdummy1,,,40308
70882,傭兵隊長^バイガー,vaiger1,vaiger1,vaiger2,,40308
70884,血盟執行員,bpledge2,bpledge2,bpledge1,,40308
70885,カーン,kanguard4,kanguard4,,,40308
70889,ラミュネ,citizen6,citizen6,,,40308
70890,ラヴォル,rabor,rabor,,,40308
70892,ロンドゥ,ronde6,ronde6,,,40308
70894,ロンドゥの暗殺隊,rondedum,rondedum,,,40308
70895,ブルディカ,bluedikaq4,bluedikaq4,,,40308
70896,ブルディカの暗殺隊,bluedum,bluedum,,,40308
70898,セリア,inn,Inn1,,,40308
70903,カーンの警備隊,kandum,kandum,,,40308
70904,鍛冶屋^クプ,koup1,koup1,koupdwaf,,40308
70906,キマ,kimaq1,kimaq1,kimaq2,,40308
70908,ピアス,piers05,piers05,,,40308
70909,ピエロ,pierot1,pierot1,,,40308
70910,専門家^ハデスティ,hadesty1,hadesty1,hadesty2,,40308
70912,坑夫オーム,woumsix1,woumsix1,,,40308
70913,坑夫オーム,woumfour1,woumfour1,,,40308
70916,レディン,redin1,redin1,,,40308
70917,バーンス,burns1,burns1,,,40308
70919,スミター,smiter1,smiter1,,,40308
70920,アデン 偵察兵,dfguard1,dfguard1,,,40308
70922,オーム,credonas1,credonas1,,,40308
70923,オーレ,olle1,olle1,,,40308
70924,オーム,genes1,genes1,,,40308
70925,オームの長老,elderoum1,elderoum1,,,40308
70927,コデラッジ,coderage1,coderage1,,,40308
70928,トリスタン,tristan1,tristan1,,,40308
70934,レスタ,lesta,lesta,,,40308
70953,\N,new_alchemy1,new_alchemy1,,,40308
70964,バッシュ,basch,basch,,,40308
70970,\N,clalchemist1,clalchemist1,clalchemist2,,40308
70971,\N,sialchemist1,sialchemist1,sialchemist2,,40308
70980,案内人^リリー,orenc0,orenc0,,,40308
70981,鶏,hen1,hen1,,,40308
70983,豚,pig1,pig1,,,40308
70984,牛,milkcow1,milkcow1,none,,40308
70985,キーパー,gatekeeperop,gatekeeperop,gatekeeperop,,40308
70986,キーパー,orckeeperop,orckeeperop,orckeeperop,,40308
70987,キーパー,gatekeeperop,gatekeeperop,gatekeeperop,,40308
70988,キーパー,gatekeeperop,gatekeeperop,gatekeeperop,,40308
70989,キーパー,gatekeeperop,gatekeeperop,gatekeeperop,,40308
70990,キーパー,gatekeeperop,gatekeeperop,gatekeeperop,,40308
70991,キーパー,gatekeeperop,gatekeeperop,gatekeeperop,,40308
70992,キーパー,gatekeeperop,gatekeeperop,gatekeeperop,,40308
70993,キーパー,gatekeeperop,gatekeeperop,gatekeeperop,,40308
70994,キーパー,gatekeeperop,gatekeeperop,gatekeeperop,,40308
70995,キーパー,gatekeeperop,gatekeeperop,gatekeeperop,,40308
70996,キーパー,gatekeeperop,gatekeeperop,gatekeeperop,,40308
70997,ドロモンド,jpe0011,jpe0011,,,40308
70998,歌う島のガイド,en0307,en0307,,,40308
70999,アレックス,jpe0021,jpe0021,,,40308
71000,アレックス,jpe0031,jpe0031,,,40308
71001,薬草師クスシー,en0011,en0015,,,40308
71002,キャンセレーション師,jpe0161,jpe0161,,,40308
71003,鍛冶屋ロン,en0021,en0025,,,40308
71004,アデーレ,en0051,en0051,,,40308
71005,ポピレア,jpe0041,jpe0041,,,40308
71006,ティミー,jpe0051,jpe0051,,,40308
71007,ディラン,en0031,en0031,,,40308
71009,チコリー,jpe0076,jpe0076,,,40308
71010,チコリー,en0061,en0061,,,40308
71011,ブリアナ,jpe0067,jpe0067,,,40308
71012,ブリアナ,en0041,en0041,,,40308
71013,沈黙の洞窟の村テレポーター^カレン,karen2,karen2,karen3,,40308
71014,村の自警団,en0242,en0242,,,40308
71015,村の自警団,en0263,en0263,,,40308
71016,村の自警団,en0251,en0251,,,40308
71017,村の自警団,en0251,en0251,,,40308
71018,フェーダ,jpe0134,jpe0134,,,40308
71019,弟子ヴート,jpe0115,jpe0115,,,40308
71020,ジョン,jpe0121,jpe0121,,,40308
71021,骨細工師マッティ,en0197,en0197,,,40308
71022,骨細工師ジーナン,jpe0151,jpe0151,,,40308
71023,骨細工師ケーイ,jpe0141,jpe0141,,,40308
71024,ガレット,garret1,garret1,,,40308
71025,ケスキン,jpe0086,jpe0086,,,40308
71026,ダンジョンテレポーター^ココ,en0112,en0112,,,40308
71027,ダンジョンテレポーター^クン,en0282,en0282,,,40308
71028,キヨリ,en0121,en0121,,,40308
71029,スカイ,en0291,en0291,,,40308
71030,専門家^治療師,en1021,en1021,,,40308
71031,傭兵ライアン,en0085,en0085,,,40308
71032,冒険者エータ,en0091e,en0091e,,,40308
71033,ハーミット,en0214,en0214,,,40308
71034,ラビ,en0205,en0205,,,40308
71035,歌う島へのテレポーター,en0231,en0231,,,40308
71036,カミーラの幽霊,kamyla000,kamyla000,,,40308
71037,専門家^治療師,jpe0101,jpe0101,,,40308
71038,長老 ノナメ,orcfnoname1,orcfnoname1,,,40308
71039,テレポーター^ドゥダ-マラブウ,orcfbuwoo1,orcfbuwoo1,orcfbuwoo2,,40308
71040,調査団長 アトゥバ ノア,orcfnoa2,orcfnoa2,,,40308
71041,ネルガ フウモ,orcfhuwoomo1,orcfhuwoomo1,,,40308
71042,ネルガ バクモ,orcfbakumo1,orcfbakumo1,,,40308
71043,ドゥダ-マラ ブカ,orcfbuka1,orcfbuka1,,,40308
71044,ドゥダ-マラ カメ,orcfkame1,orcfkame1,,,40308
71045,ドゥダ-マラ バウ,orcfbawoo1,orcfbawoo1,,,40308
71046,ロベルト,roberto,roberto,,,40308
71047,ルフス,lupus,lupus,,,40308
71048,カール,karu,karu,,,40308
71049,ルーニー,rooney,rooney,,,40308
71050,シュイン,shian,shian,,,40308
71051,モネット,monett,monett,,,40308
71052,エニシア,enishia,enishia,,,40308
71053,ペット管理人^ベリック,berik1,berik1,,,40308
71054,チケット商人^ロクサンヌ,roxxan,roxxan,,,40308
71055,ルケイン,lukein1,lukein1,,,40308
71056,シミズ,simizz1,simizz1,,,40308
71057,ドイル,doil1,doilc,,,40308
71058,ドイルの犬,ratsyu1,ratsyu1,,,40308
71059,ルディアン,rudian1a,rudian1a,,,40308
71060,レスタ,resta1,resta1,,,40308
71061,カドモス,cadmus1,cadmus1,,,40308
71062,カミット,kamit1,kamit1,,,40308
71063,小さな箱,maptbox0,maptbox0,,,40308
71064,小さな箱,maptbox0,maptbox0,,,40308
71065,小さな箱,maptbox0,maptbox0,,,40308
71066,小さな箱,maptbox0,maptbox0,,,40308
71067,小さな箱,maptbox0,maptbox0,,,40308
71068,小さな箱,maptbox0,maptbox0,,,40308
71069,小さな箱,maptbox0,maptbox0,,,40308
71070,小さな箱,maptbox0,maptbox0,,,40308
71071,小さな箱,maptbox0,maptbox0,,,40308
71072,小さな箱,maptbox0,maptbox0,,,40308
71073,小さな箱,maptbox0,maptbox0,,,40308
71074,リザードマンの長老,lelder0,lelder0,,,40308
71075,疲れ果てたリザードマン ファイター,llizard1a,llizard1a,,,40308
71076,ヤング リザードマン ファイター,ylizardb,ylizardb,,,40308
71077,地質探査員,invest1,invest1,,,40308
71078,テレポーター^ポワール,usender1,usender1,usender2,,40308
71079,雑貨商人^トドラム,ubuy,ubuy1,,,40308
71080,テレポーター^治安団長アミス,amisoo1,amisoo1,amisoo2,,40308
71081,rune wall,blackkey1,blackkey1,,,40308
71082,rune wall,blackkey2,blackkey2,,,40308
71083,rune wall,blackkey3,blackkey3,,,40308
71084,rune wall,blackkey4,blackkey4,,,40308
71085,rune wall,redkey1,redkey1,,,40308
71086,rune wall,redkey2,redkey2,,,40308
71087,rune wall,redkey3,redkey3,,,40308
71088,rune wall,redkey4,redkey4,,,40308
71089,フランコ,francu1,francu001,,,40308
71090,試練のクリスタル,jcrystal0,jcrystal0,,,40308
71091,試練のクリスタル,jcrystall0,jcrystall0,,,40308
71095,デジェネレイト ソウル,csoulq2,csoulq2,csoulqs,,40308
71108,天からの声,chaotictp1,chaotictp1,,,40308
71109,天からの声,lawfultp1,lawfultp1,,,40308
71110,ローヘン,caexplorer1,caexplorer1,,,40308
71111,カスティ,cahunterone1,cahunterone1,,,40308
71112,ザイルズ,cahuntertwo1,cahuntertwo1,,,40308
71113,魔法の触媒^錬金術師,clalchemist1,clalchemist1,,,40308
71114,魔法の触媒^錬金術師,sialchemist1,sialchemist1,,,40308
71115,アデン情報員,inforaden1,inforaden1,,,40308
71116,エンシェント ジャイアント エルダー,agelder1,agelder1,,,40308
71117,エンシェント ジャイアント ジェネラル,aggeneral1,aggeneral1,,,40308
71118,逃げたオーム,talkingoum1,talkingoum1,,,40308
71119,アタロゼ,ataroze,ataroze,,,40308
71120,リエン,rian1,rian1,,,40308
71121,ペット管理人^レナード,leonard1,leonard1,,,40308
71122,ペスコ,fesco1,fesco1,,,40308
71123,ルボ,rubo1,rubo1,,,40308
71124,ペット管理人^アリー,alri1,alri1,,,40308
71125,鍛冶屋^アデルリオ,adelio,adelio,,,40308
71126,イリス,eris1,eris1,,,40308
71127,商人^スクワル,scwaru1,scwaru1,,,40308
71128,錬金術師^ペリター,perita1,perita1,,,40308
71129,宝石細工職人^ルームティス,rumtis1,rumtis1,,,40308
71130,ラヴーラ,rabla,rabla,,,40308
71131,ラヴォル,rabor,rabor,,,40308
71132,坑夫オーム,woumfive1,woumfive1,,,40308
71133,坑夫オーム,woumone1,woumone1,,,40308
71134,坑夫オーム,woumtwo1,woumtwo1,,,40308
71135,坑夫オーム,woumthir1,woumthir1,,,40308
71136,坑夫オーム,woumele1,woumele1,,,40308
71137,坑夫オーム,woumseven1,woumseven1,,,40308
71138,坑夫オーム,woumnine1,woumnine1,,,40308
71139,坑夫オーム,woumeight1,woumeight1,,,40308
71140,坑夫オーム,woumten1,woumten1,,,40308
71141,坑夫オーム,moumthree2,moumthree2,,,40308
71142,坑夫オーム,moumtwo2,moumtwo2,,,40308
71143,坑夫オーム,woumthree1,woumthree1,,,40308
71144,坑夫オーム,woumtwel1,woumtwel1,,,40308
71145,坑夫オーム,moumone2,moumone2,,,40308
71146,坑夫オーム,midoum1,midoum1,,,40308
71147,オームの作業監督,cutoum,cutoum,,,40308
71148,逃げたオーム,eoumone1,eoumone1,,,40308
71149,逃げたオーム,soumthree1,soumthree1,,,40308
71150,逃げたオーム,soumone1,soumone1,,,40308
71151,逃げたオーム,soumtwo1,soumtwo1,,,40308
71152,逃げたオーム,stoumone1,stoumone1,,,40308
71153,逃げたオーム,stoumthree1,stoumthree1,,,40308
71154,逃げたオーム,stoumtwo1,stoumtwo1,,,40308
71155,逃げたオーム,eoumtwo1,eoumtwo1,,,40308
71156,囚われたダークエルフ,prisondef1,prisondef1,,,40308
71157,囚われたダークエルフ,prisondef4,prisondef4,,,40308
71158,囚われたダークエルフ,prisondef5,prisondef5,,,40308
71159,囚われたダークエルフ,prisondef9,prisondef9,,,40308
71160,囚われたダークエルフ,prisondef6,prisondef6,,,40308
71161,囚われたダークエルフ,prisondef7,prisondef7,,,40308
71162,囚われたダークエルフ,prisondef8,prisondef8,,,40308
71163,ヤンスティン,yastin1,yastin1,,,40308
71164,ランス,lance1,lance1,,,40308
71165,ジェスティン,xestin1,xestin1,,,40308
71166,鍛冶屋^ダルフ ガーディン,guardin1,guardin1,,,40308
71167,鍛冶屋^フリム,frim2,frim2,,,40308
71168,真冥王 ダンテス,dantes,dantes,,,40308
71169,副官 マールベス,marbes1,marbes1,,,40308
71170,長老随行員 クロレンス,clorence,clorence,,,40308
71171,警備兵,debow1,debow1,,,40308
71172,警備兵,dethief1,dethief1,,,40308
71173,警備隊長,degeneral1,degeneral1,,,40308
71174,突撃隊長,desword1,desword1,,,40308
71175,アイテム製作師^指揮官エステヴァン,Ep5event16,Ep5event16,,,40308
71176,アデン 傭兵隊,adummy1,adummy1,,,40308
71177,アデン 傭兵隊,adummy1,adummy1,,,40308
71178,ロウギ,ru1,ru1,,,40308
71179,ディエツ,dh1,dh1,,,40308
71180,ジェイプ,jp1,jp1,,,40308
71181,エマイ,my1,my1,,,40308
71182,エセム,sm1,sm1,,,40308
71184,ブルーシャーク,gdummy1,gdummy1,,,40308
71187,,diadummy1,diadummy1,,,40308
71188,,diadummy1,diadummy1,,,40308
71189,,diaguard1,diaguard1,,,40308
71190,ジェリコ,jericho1,jericho1,,,40308
71191,ベッキー,becky1,becky1,,,40308
71192,カメル,carmel1,carmel1,,,40308
71193,チェイス,chase1,chase1,,,40308
71194,オーロラ,aurora1,aurora1,,,40308
71195,ウィンストン,winston1,winston1,,,40308
71196,武器防具商人^アルフレッド,alfred,alfred1,,,40308
71197,アイテム製作師^エンデル,endel1,endel1,,,40308
71198,傭兵団長 ティオン,tion1,tion1,,,40308
71199,ジェロン,jeron1,jeron1,,,40308
71200,白魔術師 ピエタ,pieta1,pieta1,,,40308
71251,ステータス再分配^ロロ,baseReset,baseReset,,,40308
71252,アイテム製作師^ゾウのストーンゴーレム,joegolem,joegolem,,,40308
71253,アイテム製作師^ゾウのストーンゴーレム,joegolem17,joegolem17,,,40308
71255,テーベ オシリス祭壇のキーパー,tebegate1,tebegate1,,,40308
71256,アイテム製作師^ロビンフッド,robinhood1,robinhood1,,,40308
71257,神官^ジブリル,zybril1,zybril1,,,40308
71258,マルバ,marba3,marba1,,,40308
71259,アラス,aras1,aras11,,,40308
71264,スクロール商人^シャイレン,sciairen1,sciairen2,,,40308
71265,神官戦士,sinwarrior,sinwarrior,,,40308
71266,ハイネ 傭兵隊,gdummy1,gdummy1,,,40308
71270,rune wall,dunsign1,dunsign1,,,40308
71271,rune wall,dunboard2,dunboard2,,,40308
71272,rune wall,dunsign2,dunsign2,,,40308
80010,アデン城の姫,aprincess1,aprincess1,aprincess2,,40308
80047,ヤヒの召使,uhelp1,uhelp1,,,40308
80048,空間の歪み,entgate,entgate,,,40308
80049,揺らぐ者,betray12,betray12,,,40308
80050,執政官,meet101,meet101,,,40308
80051,ヤヒ,qyahee,qyahee,,,40308
80052,ヤヒの軍師,u_hunt,u_hunt,,,40308
80053,ヤヒの鍛冶屋,alice_no,alice_no,,,40308
80054,研究員,lapyahee,lapyahee,,,40308
80055,ヤヒの補佐官,uamulet0,uamulet0,,,40308
80056,業の管理者,infamous12,infamous12,,,40308
80057,放浪者^アルフォンス,alfons1,alfons1,,,40308
80058,次元の扉,cpass01,cpass01,cpass01,,40308
80059,次元の扉,wpass05,wpass05,wpass05,,40308
80060,次元の扉,wpass05,wpass05,wpass05,,40308
80061,次元の扉,wpass05,wpass05,wpass05,,40308
80062,次元の扉,wpass05,wpass05,wpass05,,40308
80063,次元の扉,gpass01,gpass01,gpass01,,40308
80064,執政官,meet001,meet001,,,40308
80065,バルログの密偵,uturn0,uturn0,,,40308
80066,揺らぐ者,betray01,betray01,,,40308
80067,諜報員,minicod08,minicod08,,,40308
80068,バルログの分身,fakebarlog1,fakebarlog1,,,40308
80069,レッサー デーモン,ldemon1,ldemon1,,,40308
80070,レッサー デーモン,tldemon1,tldemon1,,,40308
80071,バルログの補佐官,lring0,lring0,,,40308
80072,バルログの鍛冶屋,lsmith0,lsmith0,,,40308
80073,バルログの軍師,l_hunt,l_hunt,,,40308
80074,業の管理者,infamous02,infamous02,,,40308
80075,雑貨商人^ベヒーク,vehikeu1,vehikeu1,,,40308
80076,倒れた航海士,voyager1,voyager1,,,40308
80077,アルドラン,aldran1,aldran1,,,40308
80078,マジックドール製作師^アルカ,arka1,arka1,,,40308
80079,占星術師^ケプリシャ,keplisha1,keplisha4,keplisha2,,40308
80080,釣り場商人^マルコ,f_elder,f_elder,,,40308
80081,釣り場ガイド^レディア,f_grandma1,f_grandma1,,,40308
80082,釣り場ガイド^ポール,fk_in_1,fk_in_1,,,40308
80083,釣り場ガイド^ポール,fk_out_0,fk_out_0,fk_out_0,,40308
80084,怪しいオーク商人^パルーム,rparum,rparum,,,40308
80085,お化け屋敷の管理人^デュオ,duo,duo,,,40308
80086,デスマッチ管理人^クサン,kusan,kusan,,,40308
80087,デスマッチ管理人^ダトゥ,datu,datu,,,40308
80088,ペットマッチ管理人^ドンコ,petmatcher,petmatcher,,,40308
80089,メダル管理人^ドンジュー,medalbuyer,medalbuyer,,,40308
80090,料理の材料商人^ラクッキ,rakuki1,rakuki1,,,40308
80091,料理人^ラフォンス,rrafons,rrafons,,,40308
80092,アジトの商人^ジェイント,rjaint1,rjaint1,,,40308
80093,ジータ,rjyta1,rjyta1,,,40308
80094,祭壇,altar1,altar1,,,40308
80095,ペット管理人^オースティン,rostin1,rostin1,,,40308
80096,花束商人^シャロン,sharon1,sharon1,,,40308
80097,リマン,rryman,rryman,,,40308
80098,ファルボ,rfarbo1,rfarbo1,,,40308
80099,治安団長^ラルソン,rarson1,rarson8,rarson11,,40308
80100,花火商人^マイジン,maijin1,maijin1,,,40308
80101,鍛冶屋^クエン,kuen1,kuen1,,,40308
80102,アジト剥製商人^フィリス,fillis1,fillis3,,,40308
80103,競売管理者,auction1,auction1,,,40308
80104,アデン騎馬団員,horseseller1,horseseller0,,,40308
80105,アデン騎馬団員,horserestore,horserestore,,,40308
80127,調理師^アデンの王宮シェフ,cook1,cook1,,,40308
80128,アイテム交換人^印章販売人,cointrader,cointrader,,,40308
80132,テレポーター^デカビア,dekabia1,dekabia1,dekabia2,dekabia3,40308
80133,鍛冶屋^ピュアル,pual1,pual1,,,40308
80134,タリオン,talrion4,talrion4,,,40308
80135,エルラス,elas3,elas3,,,40308
80136,長老 プロケル,prokel1,prokel1,,,40308
80137,魔法販売人^ジェパール,jepar1,jepar1,,,40308
80141,魔法販売人^スビエル,sbial1,sbial1,,,40308
80142,鍛冶屋^バトール,batr1,batr1,,,40308
80143,アジェル,azel1,azel1,,,40308
80144,ラルク,rark1,rark1,,,40308
80145,長老 シルレイン,silrein1,silrein1,,,40308
80146,テレポーター^シャリエル,sharial1,sharial1,sharial2,sharial3,40308
80166,平和の使者^ユリス,yuris1,yuris1,,,40308
80167,善の使者^ミリエル,churchm1,churchm1,,,40308
80168,ペットレース管理人^ドゥポ,dufo,dufo,,,40308
80171,初心者ガイド^初心者案内人,tutor,tutor,,,40308
80172,初心者ガイド^修練場管理人,admin1,admin1,,,40308
80173,シルベリアテレポーター^イリュージョニストアシャ,asha2,asha2,asha3,,40308
80174,ベヒモステレポーター^ドラゴンナイトピエナ,feaena2,feaena2,feaena3,,40308
80179,ホバン,j_nb1,j_nb1,,,40308
80180,初心者ガイド^旅人案内人,lowlv1,lowlv1,,,40308
80181,追加倉庫^バザール,warechar1,warechar2,,,40308
80182,追加倉庫^バダール,warechar1,warechar2,,,40308
80183,追加倉庫^バゴール,warechar1,warechar2,,,40308
80184,追加倉庫^バサール,warechar1,warechar2,,,40308
80185,追加倉庫^バマール,warechar1,warechar2,,,40308
80186,追加倉庫^バノール,warechar1,warechar2,,,40308
80187,追加倉庫^バオール,warechar1,warechar2,,,40308
80188,追加倉庫^バホール,warechar1,warechar2,,,40308
80189,追加倉庫^バカール,warechar1,warechar2,,,40308
80190,追加倉庫^バトール,warechar1,warechar2,,,40308
80191,追加倉庫^バチャール,warechar1,warechar2,,,40308
80192,宝石細工職人^デービッド,8event3,8event3,,,40308
80194,ミニゲーム報賞専門家^コマ,coma1,coma1,,,40308
80213,ウェルダン 傭兵隊長,gdummyc1,gdummyc1,,,40308
80238,ヒレン,,,,,40308
80239,ジェフ,,,,,40308
80240,アルシア,arsia,arsia,,,40308
80241,特別販売員,treeseller1,treeseller1,,,40308
80242,孤独な精霊,,,,,40308
80259,テレポーター^ピーター,orentel1,orentel1,orentel2,,40308
80260,魔術師 アドニス,adonis1,adonis1,adonis2,,40308
80261,ソース商人^ミエル,miel1,miel2,,,49048
80262,ハーブ商人^シオル,shiol1,shiol2,,,49243
80263,キルトン,killton1,killton1,,,40308
80264,メーリン,merin1,merin1,,,40308
80265,ハリン,harin1,harin1,,,40308
80266,特産物管理人^モポ,mopo1,mopo1,,,40308
80267,密売人^コペオンバ,cofeonba,cofeonba,,,40308
81002,古代の耳飾商人,cold1,cold1,,,40308
81003,古代の短剣商人,cold1,cold1,,,40308
81004,古代の剣商人,cold1,cold1,,,40308
81005,古代の両手剣商人,cold1,cold1,,,40308
81006,古代の槍商人,cold1,cold1,,,40308
81007,古代の鈍器商人,cold1,cold1,,,40308
81008,古代の双剣商人,cold1,cold1,,,40308
81009,古代の爪商人,cold1,cold1,,,40308
81010,古代の杖商人,cold1,cold1,,,40308
81011,古代の弓商人,cold1,cold1,,,40308
81012,古代の兜商人,cold1,cold1,,,40308
81013,古代の盾商人,cold1,cold1,,,40308
81014,古代の篭手商人,cold1,cold1,,,40308
81015,古代の靴商人,cold1,cold1,,,40308
81016,古代の下着商人,cold1,cold1,,,40308
81017,古代の鎧商人,cold1,cold1,,,40308
81018,古代の外套商人,cold1,cold1,,,40308
81019,古代の首飾商人,cold1,cold1,,,40308
81020,古代の指輪商人,cold1,cold1,,,40308
81021,古代の帯革商人,cold1,cold1,,,40308
81022,古代の魔法商人,cold1,cold1,,,40308
81023,古代の精霊魔法商人,cold1,cold1,,,40308
81024,古代の闇魔法商人,cold1,cold1,,,40308
81025,古代の技術商人,cold1,cold1,,,40308
81026,古代の君主魔法商人,cold1,cold1,,,40308
81027,古代の道具商人,cold1,cold1,,,40308
81028,古代の道具商人,cold1,cold1,,,40308
81029,古代の道具商人,cold1,cold1,,,40308
81105,神秘の岩,stoenm4,stoenm4,,,40308
81110,代理魔法商人,cold1,cold1,,,40308
81112,レイダー,rader1,rader1,,,40308
81113,アイテム製作師^ハグティン,hagutin1,hagutin1,,,40308
81114,ヤヒの分身,fsflame1,fsflame1,,,40308
81115,ブラック ナイト サブ チーフ,adjutant1,adjutant1,,,40308
81118,束縛された魂,bsoul1,bsoul1,,,40308
81119,レリーの補佐官,laryaide1,laryaide1,,,40308
81120,カルバスの下人,kalbass1,kalbass1,,,40308
81121,古代の精霊,pielemental,pielemental,,,40308
81123,ジャック オー ランタン,en2551-0,en2551-0,,,40308
81124,ジャック オー ランタン,en2556,en2556,,,40308
81155,オーレ,olle1,olle1,olle1,,40308
81156,アデン 偵察兵,dfguard1,dfguard1,dfguard1,,40308
81200,特典アイテム管理人,nobelt,nobelt,,,40308
81202,諜報員,minitos08,minitos08,,,40308
81203,選ばれなかった者,minitos3,minitos3,,,40308
81204,選ばれなかった者,minitos3,minitos3,,,40308
81205,選ばれなかった者,minitos2,minitos2,,,40308
81206,選ばれなかった者,minitos2,minitos2,,,40308
81207,選ばれなかった者,minitos1,minitos1,,,40308
81208,汚れたブロッブ,minibrob01,minibrob01,,,40308
81241,古代のチェーンソード商人,cold1,cold1,,,40308
81242,古代のキーリンク商人,cold1,cold1,,,40308
81243,古代の書板商人,cold1,cold1,,,40308
81244,古代の記憶水晶商人,cold1,cold1,,,40308
81245,オーク密使,,,,,40308
81246,変身スクロール販売人^シャルナ,sharna1,sharna2,,,40308
81247,ホワイトアントの死体,wcorpse1,wcorpse1,,,40308
81248,ホワイトアントの死体,wcorpse4,wcorpse4,,,40308
81249,ホワイトアントの死体,wcorpse7,wcorpse7,,,40308
81250,ホワイトアントの痕跡(土),wa_earth1,wa_earth1,,,40308
81251,ホワイトアントの痕跡(酸性液),wa_acidw1,wa_acidw1,,,40308
81252,ホワイトアントの痕跡(卵の殻),wa_egg1,wa_egg1,,,40308
81253,古代の紋様商人,cold1,cold1,,,40308
81254,古代のタリスマン商人,cold1,cold1,,,40308
81352,強化ウィザード^テル,bs_01,bs_01,,,40308
81353,強化ウィザード^メベル,bs_01,bs_01,,,40308
81354,強化ウィザード^シンテル,bs_01,bs_01,,,40308
81355,強化ウィザード^ロドル,bs_01,bs_01,,,40308
81356,強化ウィザード^ルンドル,bs_01,bs_01,,,40308
81357,強化ウィザード^ゼンドル,bs_01,bs_01,,,40308
81358,強化ウィザード^マイベル,bs_01,bs_01,,,40308
81359,強化ウィザード^デンル,bs_01,bs_01,,,40308
81360,強化ウィザード^テルロル,bs_01,bs_01,,,40308
81361,強化ウィザード^ナニエル,bs_01,bs_01,,,40308
81362,強化ウィザード^ネベル,bs_01,bs_01,,,40308
81374,研究員の助手,j_l_out00,,,,40308
90115,\N,usender1,usender1,usender2,,40308
90521,ククルカン祭壇のキーパー,tikalgate1,tikalgate1,,,40308
91003,テレポーター^侍従長マモン,gr_mammon1,gr_mammon1,gr_mammon3,,40308
91005,マヤの影,adenshadow1,adenshadow1,,,40308
91006,テレポーター^使者フローラ,adenflora1,adenflora1,adenflora2,,40308
91007,善の使者 アメリア,amelia,amelia1,,,40308
91050,ドルーガバッグ販売人^ドルーガベール,lind_veil,lind_veil,,,40308
91051,ドラゴンポータル,dragonsmap,dragonsmap,,,40308
91052,ドラゴンポータル,dragonsmap,dragonsmap,,,40308
91053,ドラゴンポータル,dragonsmap,dragonsmap,,,40308
91054,ドラゴンポータル,dragonsmap,dragonsmap,,,40308
91056,ハッチリン交換人^バンク,bankoo1,bankoo1,,,40308
91057,アイテム製作師^強靭なハイオス,fivelviin1,fivelviin1,,,40308
91058,アイテム製作師^細やかなシューヌ,fivelviin2,fivelviin2,,,40308
91059,アイテム製作師^根気のあるドオホ,fivelviin3,fivelviin3,,,40308
91060,アイテム製作師^派手なバエミ,fivelviin4,fivelviin4,,,40308
91061,アイテム製作師^シュエルメ,sherme2,sherme2,,,40308
91062,クレイ,grayknight1,grayknight1,,,40308
91063,パミリド,familyed,familyed,,,40308
91064,イルバギル,ilbakiel,ilbakiel,,,40308
91065,テレポーター^ウィザードマーリン,merlin1,merlin1,merlin2,,40308
91066,ドラゴンポータル,dsecret1,dsecret2,dsecret3,,40308
91184,商人^マンク,dwfmerchant,dwfmerchant,,,40308
91185,商店^ハンク,hankoo1,hankoo1,,,40308
91298,行政官 キーホル,kiholl1,kiholl1,,,40308
91299,聖所への入口,,,,,40308
91307,捨てられた肉体,,,,,40308
91308,捨てられた肉体,,,,,40308
91311,ディカルデンの諜報員,,,,,40308
91312,ディカルデンの女諜報員,dspy1,dspy1,,,40308
91314,青い魂の炎,bluesoul_f4,bluesoul_f4,,,40308
91315,赤い魂の炎,redsoul_f4,redsoul_f4,,,40308
91327,ユリエ,j_html00,j_html00,,,40308
91328,ユキ,id0,id0,,,40308
91329,ユキ,id1,id1,,,40308
91500,サエル,shamansael2,shamansael2,,,40308
91501,ベアサム,beasamoo,beasamoo,,,40308
91502,カイムサム,kymsamoo,kymsamoo,,,40308
91600,グンター,gunterdg1,gunterdg1,,,40308
91601,雑貨商人^シビーレ,sibilre,sibilre,,,40308
91602,フレディ,fredi,fredi,,,40308
99020,アイテム製作師^ゾウのラヴァゴーレム,rushi05,rushi05,\N,\N,40308
81375,スロット解放専門家^スナッパー,slot7,slot7,\N,\N,40308
81376,マービン,marbinquest1,marbinquest1,\N,\N,40308
71274,敵対的なアイスクイーンの近衛兵,icq_1,icq_1,\N,\N,40308
71275,友好的なアイスクイーンの近衛兵,icq_2,icq_2,\N,\N,40308
71276,象牙の塔の諜報員,icqwand1,icqwand1,\N,\N,40308
71277,脱出したガーディアン,jp_wp_swap1,jp_wp_swap1,\N,\N,40308
71278,ジークフリード,zigpride1,zigpride1,\N,\N,40308
71279,強化ウィザード^チナス,bs_01,bs_01,\N,\N,40308
71280,時の歪み,jp_ninotel,jp_ninotel,\N,\N,40308
75000,次元の歪み,jp_12t1,jp_12t1,\N,\N,40308
75001,旧き水の精霊,jp_12w1,jp_12w1,\N,\N,40308
75002,旧き地の精霊,jp_12e,jp_12e,\N,\N,60004
75003,旧き風の精霊,jp_12d1,jp_12d1,\N,\N,40308
75004,旧き火の精霊,jp_12f1,jp_12f1,\N,\N,40308
71281,褒賞倉庫管理人^ミアネス,\N,\N,\N,\N,40308
71282,訓練隊長^カイザー,bosskey1,bosskey1,\N,\N,40308
71283,訓練副官^セシリア,bosskey8,bosskey8,\N,\N,40308
46524,左之助,jp_sanojo1,jp_sanojo1,\N,\N,40308
46526,弥九郎,jp_yakuro1,jp_yakuro1,\N,\N,40308
46525,名も無き魂,jp_noname1,jp_noname1,\N,\N,40308
